{
  "perplexity": 13.021146807943618,
  "bleu_score": 0.47456590826900336,
  "rouge_scores": {
    "rouge1": 0.522382475937084,
    "rouge2": 0.4227898848034297,
    "rougeL": 0.4666203688451479
  },
  "bert_score": {
    "precision": 0.8541165933603923,
    "recall": 0.8254046128471938,
    "f1": 0.8614706535179237
  },
  "factuality_score": 0.9630308166762112,
  "coherence_score": 0.9259035593253581,
  "toxicity_score": 0.9645756765139429
}